ticket,opening_time_utc,closing_time_utc,type,lots,original_position_size,symbol,opening_price,closing_price,stop_loss,take_profit,commission,swap,profit,equity,margin_level,close_reason
2947443112,2026-07-10T14:48:16,2026-07-10T15:16:34,sell,0.01,0.01,XAUUSDm,4103.672,4102.916,4102.904,,,,0.75,,,sl
2947377965,2026-07-10T14:36:12,2026-07-10T14:43:29,buy,0.01,0.01,XAUUSDm,4091.041,4098.9,,4104.071,,,7.86,,,user
2947373610,2026-07-10T14:35:52,2026-07-10T14:43:29,buy,0.01,0.01,XAUUSDm,4091.627,4098.9,,4104.093,,,7.27,,,user
2947373562,2026-07-10T14:35:52,2026-07-10T14:43:29,buy,0.01,0.01,XAUUSDm,4091.27,4098.9,,4104.071,,,7.63,,,user
2947377910,2026-07-10T14:36:11,2026-07-10T14:43:29,buy,0.01,0.01,XAUUSDm,4091.149,4098.9,,4104.071,,,7.75,,,user
2947372675,2026-07-10T14:35:46,2026-07-10T14:43:29,buy,0.01,0.01,XAUUSDm,4091.026,4098.9,,4104.071,,,7.87,,,user
2947372863,2026-07-10T14:35:47,2026-07-10T14:43:29,buy,0.01,0.01,XAUUSDm,4090.662,4098.9,,4104.071,,,8.24,,,user
2947372627,2026-07-10T14:35:45,2026-07-10T14:43:29,buy,0.01,0.01,XAUUSDm,4091.026,4098.9,,4104.071,,,7.87,,,user
2947372178,2026-07-10T14:35:42,2026-07-10T14:43:29,buy,0.01,0.01,XAUUSDm,4090.563,4098.9,,4104.071,,,8.34,,,user
2947372193,2026-07-10T14:35:42,2026-07-10T14:43:29,buy,0.01,0.01,XAUUSDm,4090.507,4098.9,,4104.071,,,8.39,,,user
2947372212,2026-07-10T14:35:42,2026-07-10T14:43:29,buy,0.01,0.01,XAUUSDm,4090.681,4098.9,,4104.071,,,8.22,,,user
2947372548,2026-07-10T14:35:44,2026-07-10T14:43:29,buy,0.01,0.01,XAUUSDm,4090.907,4098.9,,4104.071,,,7.99,,,user
2947372242,2026-07-10T14:35:43,2026-07-10T14:43:29,buy,0.01,0.01,XAUUSDm,4090.693,4098.9,,4104.071,,,8.21,,,user
2947371985,2026-07-10T14:35:41,2026-07-10T14:43:29,buy,0.01,0.01,XAUUSDm,4089.909,4098.9,,4104.071,,,8.99,,,user
2947372153,2026-07-10T14:35:42,2026-07-10T14:43:29,buy,0.01,0.01,XAUUSDm,4090.572,4098.9,,4104.071,,,8.33,,,user
2947372053,2026-07-10T14:35:41,2026-07-10T14:43:29,buy,0.01,0.01,XAUUSDm,4090.858,4098.9,,4104.071,,,8.04,,,user
2941062706,2026-07-09T14:04:00,2026-07-10T10:53:21,sell,0.01,0.01,XAUUSDm,4134.29,4108.864,4133.584,,,,25.43,,,user
2941191530,2026-07-09T09:12:14,2026-07-09T09:12:20,sell,0.01,0.01,XAUUSDm,4108.773,4109.308,,,,,-0.54,-6.24,,so
2941191504,2026-07-09T09:12:14,2026-07-09T09:12:20,sell,0.01,0.01,XAUUSDm,4108.642,4109.308,,,,,-0.67,-6.24,,so
2941191494,2026-07-09T09:12:14,2026-07-09T09:12:20,sell,0.01,0.01,XAUUSDm,4108.531,4109.308,,,,,-0.78,-6.24,,so
2941191479,2026-07-09T09:12:13,2026-07-09T09:12:20,sell,0.01,0.01,XAUUSDm,4108.531,4109.308,,,,,-0.78,-6.24,,so
2941191101,2026-07-09T09:12:09,2026-07-09T09:12:20,sell,0.01,0.01,XAUUSDm,4108.512,4109.308,,,,,-0.8,-6.24,,so
2941191100,2026-07-09T09:12:09,2026-07-09T09:12:20,sell,0.01,0.01,XAUUSDm,4108.512,4109.308,,,,,-0.8,-6.24,,so
2941191203,2026-07-09T09:12:10,2026-07-09T09:12:20,sell,0.01,0.01,XAUUSDm,4108.5,4109.308,,,,,-0.81,-6.24,,so
2941191201,2026-07-09T09:12:10,2026-07-09T09:12:20,sell,0.01,0.01,XAUUSDm,4108.5,4109.308,,,,,-0.81,-6.24,,so
2941191194,2026-07-09T09:12:10,2026-07-09T09:12:20,sell,0.01,0.01,XAUUSDm,4108.5,4109.308,,,,,-0.81,-6.24,,so
2941191193,2026-07-09T09:12:10,2026-07-09T09:12:20,sell,0.01,0.01,XAUUSDm,4108.5,4109.308,,,,,-0.81,-6.24,,so
2941191191,2026-07-09T09:12:10,2026-07-09T09:12:20,sell,0.01,0.01,XAUUSDm,4108.5,4109.308,,,,,-0.81,-6.24,,so
2941191192,2026-07-09T09:12:10,2026-07-09T09:12:20,sell,0.01,0.01,XAUUSDm,4108.5,4109.308,,,,,-0.81,-6.24,,so
2941191190,2026-07-09T09:12:10,2026-07-09T09:12:20,sell,0.01,0.01,XAUUSDm,4108.5,4109.308,,,,,-0.81,-6.24,,so
2941191076,2026-07-09T09:12:08,2026-07-09T09:12:20,sell,0.01,0.01,XAUUSDm,4108.495,4109.308,,,,,-0.81,-6.24,,so
2941191073,2026-07-09T09:12:08,2026-07-09T09:12:20,sell,0.01,0.01,XAUUSDm,4108.495,4109.308,,,,,-0.81,-6.24,,so
2941191055,2026-07-09T09:12:08,2026-07-09T09:12:20,sell,0.01,0.01,XAUUSDm,4108.495,4109.308,,,,,-0.81,-6.24,,so
2941190938,2026-07-09T09:12:08,2026-07-09T09:12:20,sell,0.01,0.01,XAUUSDm,4108.495,4109.308,,,,,-0.81,-6.24,,so
2941191292,2026-07-09T09:12:12,2026-07-09T09:12:20,sell,0.01,0.01,XAUUSDm,4108.486,4109.308,,,,,-0.82,-6.24,,so
2941191285,2026-07-09T09:12:12,2026-07-09T09:12:20,sell,0.01,0.01,XAUUSDm,4108.486,4109.308,,,,,-0.82,-6.24,,so
2941191284,2026-07-09T09:12:12,2026-07-09T09:12:20,sell,0.01,0.01,XAUUSDm,4108.486,4109.308,,,,,-0.82,-6.24,,so
2941191283,2026-07-09T09:12:12,2026-07-09T09:12:20,sell,0.01,0.01,XAUUSDm,4108.486,4109.308,,,,,-0.82,-6.24,,so
2941191282,2026-07-09T09:12:12,2026-07-09T09:12:20,sell,0.01,0.01,XAUUSDm,4108.486,4109.308,,,,,-0.82,-6.24,,so
2941191230,2026-07-09T09:12:11,2026-07-09T09:12:20,sell,0.01,0.01,XAUUSDm,4108.481,4109.308,,,,,-0.83,-6.24,,so
2941191229,2026-07-09T09:12:11,2026-07-09T09:12:20,sell,0.01,0.01,XAUUSDm,4108.481,4109.308,,,,,-0.83,-6.24,,so
2941191228,2026-07-09T09:12:11,2026-07-09T09:12:20,sell,0.01,0.01,XAUUSDm,4108.481,4109.308,,,,,-0.83,-6.24,,so
2941190917,2026-07-09T09:12:07,2026-07-09T09:12:20,sell,0.01,0.01,XAUUSDm,4108.476,4109.308,,,,,-0.83,-6.24,,so
2941190912,2026-07-09T09:12:07,2026-07-09T09:12:20,sell,0.01,0.01,XAUUSDm,4108.476,4109.308,,,,,-0.83,-6.24,,so
2941190904,2026-07-09T09:12:07,2026-07-09T09:12:20,sell,0.01,0.01,XAUUSDm,4108.476,4109.308,,,,,-0.83,-6.24,,so
2941190903,2026-07-09T09:12:07,2026-07-09T09:12:20,sell,0.01,0.01,XAUUSDm,4108.476,4109.308,,,,,-0.83,-6.24,,so
2941190902,2026-07-09T09:12:07,2026-07-09T09:12:20,sell,0.01,0.01,XAUUSDm,4108.476,4109.308,,,,,-0.83,-6.24,,so
2941191615,2026-07-09T09:12:15,2026-07-09T09:12:20,sell,0.01,0.01,XAUUSDm,4108.471,4109.308,,,,,-0.84,-6.24,,so
2941191614,2026-07-09T09:12:15,2026-07-09T09:12:20,sell,0.01,0.01,XAUUSDm,4108.471,4109.308,,,,,-0.84,-6.24,,so
2941191612,2026-07-09T09:12:15,2026-07-09T09:12:20,sell,0.01,0.01,XAUUSDm,4108.471,4109.308,,,,,-0.84,-6.24,,so
2941191610,2026-07-09T09:12:15,2026-07-09T09:12:20,sell,0.01,0.01,XAUUSDm,4108.471,4109.308,,,,,-0.84,-6.24,,so
2941190641,2026-07-09T09:12:05,2026-07-09T09:12:20,sell,0.01,0.01,XAUUSDm,4108.412,4109.308,,,,,-0.9,-6.24,,so
2941190616,2026-07-09T09:12:04,2026-07-09T09:12:20,sell,0.01,0.01,XAUUSDm,4108.412,4109.358,,,,,-0.95,-7.99,,so
2941191298,2026-07-09T09:12:12,2026-07-09T09:12:20,sell,0.01,0.01,XAUUSDm,4108.374,4109.358,,,,,-0.99,-7.99,,so
2941190867,2026-07-09T09:12:06,2026-07-09T09:12:20,sell,0.01,0.01,XAUUSDm,4108.338,4109.358,,,,,-1.02,-5.77,,so
2941190866,2026-07-09T09:12:06,2026-07-09T09:12:20,sell,0.01,0.01,XAUUSDm,4108.338,4109.358,,,,,-1.02,-5.71,,so
2941191456,2026-07-09T09:12:13,2026-07-09T09:12:20,sell,0.01,0.01,XAUUSDm,4108.259,4109.298,,,,,-1.04,-5.65,,so
2941191325,2026-07-09T09:12:12,2026-07-09T09:12:20,sell,0.01,0.01,XAUUSDm,4108.259,4109.298,,,,,-1.04,-5.65,,so
2941191315,2026-07-09T09:12:12,2026-07-09T09:12:20,sell,0.01,0.01,XAUUSDm,4108.259,4109.238,,,,,-0.98,-3.19,,so
2941190572,2026-07-09T09:12:04,2026-07-09T09:12:20,sell,0.01,0.01,XAUUSDm,4108.251,4109.174,,,,,-0.92,-0.25,,so
2941134757,2026-07-09T08:58:14,2026-07-09T08:59:45,buy,0.01,0.01,XAUUSDm,4108.6,4108.661,,,,,0.06,-0.8,,so
2941134753,2026-07-09T08:58:14,2026-07-09T08:59:45,buy,0.01,0.01,XAUUSDm,4108.6,4108.661,,,,,0.06,-0.8,,so
2941134721,2026-07-09T08:58:14,2026-07-09T08:59:45,buy,0.01,0.01,XAUUSDm,4108.6,4108.661,,,,,0.06,-0.8,,so
2941134809,2026-07-09T08:58:15,2026-07-09T08:59:45,buy,0.01,0.01,XAUUSDm,4108.605,4108.661,,,,,0.05,-0.8,,so
2941134808,2026-07-09T08:58:15,2026-07-09T08:59:45,buy,0.01,0.01,XAUUSDm,4108.605,4108.661,,,,,0.05,-0.8,,so
2941134807,2026-07-09T08:58:15,2026-07-09T08:59:45,buy,0.01,0.01,XAUUSDm,4108.605,4108.661,,,,,0.05,-0.8,,so
2941134801,2026-07-09T08:58:15,2026-07-09T08:59:45,buy,0.01,0.01,XAUUSDm,4108.605,4108.661,,,,,0.05,-0.8,,so
2941134805,2026-07-09T08:58:15,2026-07-09T08:59:45,buy,0.01,0.01,XAUUSDm,4108.605,4108.661,,,,,0.05,-0.8,,so
2941134618,2026-07-09T08:58:14,2026-07-09T08:59:45,buy,0.01,0.01,XAUUSDm,4108.65,4108.661,,,,,0.01,-0.8,,so
2941135138,2026-07-09T08:58:19,2026-07-09T08:59:45,buy,0.01,0.01,XAUUSDm,4108.788,4108.661,,,,,-0.13,-0.8,,so
2941135127,2026-07-09T08:58:19,2026-07-09T08:59:45,buy,0.01,0.01,XAUUSDm,4108.788,4108.661,,,,,-0.13,-0.8,,so
2941135126,2026-07-09T08:58:19,2026-07-09T08:59:45,buy,0.01,0.01,XAUUSDm,4108.788,4108.661,,,,,-0.13,-0.8,,so
2941135123,2026-07-09T08:58:19,2026-07-09T08:59:45,buy,0.01,0.01,XAUUSDm,4108.788,4108.661,,,,,-0.13,-0.8,,so
2941135122,2026-07-09T08:58:19,2026-07-09T08:59:45,buy,0.01,0.01,XAUUSDm,4108.788,4108.661,,,,,-0.13,-0.8,,so
2941134512,2026-07-09T08:58:14,2026-07-09T08:59:45,buy,0.01,0.01,XAUUSDm,4108.801,4108.661,,,,,-0.14,-0.8,,so
2941134876,2026-07-09T08:58:16,2026-07-09T08:59:45,buy,0.01,0.01,XAUUSDm,4108.805,4108.661,,,,,-0.15,-0.8,,so
2941134875,2026-07-09T08:58:16,2026-07-09T08:59:45,buy,0.01,0.01,XAUUSDm,4108.805,4108.661,,,,,-0.15,-0.8,,so
2941134874,2026-07-09T08:58:16,2026-07-09T08:59:45,buy,0.01,0.01,XAUUSDm,4108.805,4108.661,,,,,-0.15,-0.8,,so
2941134819,2026-07-09T08:58:15,2026-07-09T08:59:45,buy,0.01,0.01,XAUUSDm,4108.805,4108.661,,,,,-0.15,-0.8,,so
2941134873,2026-07-09T08:58:16,2026-07-09T08:59:45,buy,0.01,0.01,XAUUSDm,4108.805,4108.661,,,,,-0.15,-0.8,,so
2941135176,2026-07-09T08:58:20,2026-07-09T08:59:45,buy,0.01,0.01,XAUUSDm,4108.852,4108.661,,,,,-0.19,-0.8,,so
2941134405,2026-07-09T08:58:12,2026-07-09T08:59:45,buy,0.01,0.01,XAUUSDm,4108.853,4108.661,,,,,-0.19,-0.8,,so
2941134400,2026-07-09T08:58:12,2026-07-09T08:59:45,buy,0.01,0.01,XAUUSDm,4108.853,4108.661,,,,,-0.19,-0.8,,so
2941134387,2026-07-09T08:58:12,2026-07-09T08:59:45,buy,0.01,0.01,XAUUSDm,4108.853,4108.661,,,,,-0.19,-0.8,,so
2941134386,2026-07-09T08:58:12,2026-07-09T08:59:45,buy,0.01,0.01,XAUUSDm,4108.853,4108.661,,,,,-0.19,-0.8,,so
2941134920,2026-07-09T08:58:16,2026-07-09T08:59:45,buy,0.01,0.01,XAUUSDm,4108.869,4108.661,,,,,-0.21,-0.8,,so
2941134918,2026-07-09T08:58:16,2026-07-09T08:59:45,buy,0.01,0.01,XAUUSDm,4108.869,4108.661,,,,,-0.21,-0.8,,so
2941134990,2026-07-09T08:58:17,2026-07-09T08:59:45,buy,0.01,0.01,XAUUSDm,4108.877,4108.661,,,,,-0.22,-0.8,,so
2941134989,2026-07-09T08:58:17,2026-07-09T08:59:45,buy,0.01,0.01,XAUUSDm,4108.877,4108.661,,,,,-0.22,-0.8,,so
2941134988,2026-07-09T08:58:17,2026-07-09T08:59:45,buy,0.01,0.01,XAUUSDm,4108.877,4108.661,,,,,-0.22,-0.8,,so
2941135549,2026-07-09T08:58:27,2026-07-09T08:59:45,buy,0.01,0.01,XAUUSDm,4108.943,4108.661,,,,,-0.28,-0.8,,so
2941135548,2026-07-09T08:58:27,2026-07-09T08:59:45,buy,0.01,0.01,XAUUSDm,4108.943,4108.661,,,,,-0.28,-0.8,,so
2941135547,2026-07-09T08:58:27,2026-07-09T08:59:45,buy,0.01,0.01,XAUUSDm,4108.943,4108.661,,,,,-0.28,-0.8,,so
2941135546,2026-07-09T08:58:27,2026-07-09T08:59:45,buy,0.01,0.01,XAUUSDm,4108.943,4108.661,,,,,-0.28,-0.8,,so
2941135545,2026-07-09T08:58:27,2026-07-09T08:59:45,buy,0.01,0.01,XAUUSDm,4108.943,4108.661,,,,,-0.28,-0.8,,so
2941135294,2026-07-09T08:58:22,2026-07-09T08:59:45,buy,0.01,0.01,XAUUSDm,4108.942,4108.661,,,,,-0.28,-0.8,,so
2941135295,2026-07-09T08:58:22,2026-07-09T08:59:45,buy,0.01,0.01,XAUUSDm,4108.942,4108.661,,,,,-0.28,-0.8,,so
2941135373,2026-07-09T08:58:24,2026-07-09T08:59:45,buy,0.01,0.01,XAUUSDm,4108.99,4108.661,,,,,-0.33,-0.8,,so
2941135374,2026-07-09T08:58:24,2026-07-09T08:59:45,buy,0.01,0.01,XAUUSDm,4108.99,4108.661,,,,,-0.33,-0.8,,so
2941135372,2026-07-09T08:58:24,2026-07-09T08:59:45,buy,0.01,0.01,XAUUSDm,4108.99,4108.661,,,,,-0.33,-0.8,,so
2941135342,2026-07-09T08:58:23,2026-07-09T08:59:45,buy,0.01,0.01,XAUUSDm,4108.99,4108.661,,,,,-0.33,-0.8,,so
2941135341,2026-07-09T08:58:23,2026-07-09T08:59:45,buy,0.01,0.01,XAUUSDm,4108.99,4108.661,,,,,-0.33,-0.8,,so
2941135340,2026-07-09T08:58:23,2026-07-09T08:59:45,buy,0.01,0.01,XAUUSDm,4108.99,4108.661,,,,,-0.33,-0.8,,so
2941135075,2026-07-09T08:58:18,2026-07-09T08:59:45,buy,0.01,0.01,XAUUSDm,4108.999,4108.661,,,,,-0.34,-0.8,,so
2941135063,2026-07-09T08:58:18,2026-07-09T08:59:45,buy,0.01,0.01,XAUUSDm,4108.999,4108.661,,,,,-0.34,-0.8,,so
2941135062,2026-07-09T08:58:18,2026-07-09T08:59:45,buy,0.01,0.01,XAUUSDm,4108.999,4108.661,,,,,-0.34,-0.8,,so
2941135061,2026-07-09T08:58:18,2026-07-09T08:59:45,buy,0.01,0.01,XAUUSDm,4108.999,4108.661,,,,,-0.34,-0.8,,so
2941135059,2026-07-09T08:58:18,2026-07-09T08:59:45,buy,0.01,0.01,XAUUSDm,4108.999,4108.661,,,,,-0.34,-0.8,,so
2941135060,2026-07-09T08:58:18,2026-07-09T08:59:45,buy,0.01,0.01,XAUUSDm,4108.999,4108.661,,,,,-0.34,-0.8,,so
2941135637,2026-07-09T08:58:28,2026-07-09T08:59:45,buy,0.01,0.01,XAUUSDm,4109.034,4108.661,,,,,-0.37,-0.8,,so
2941135636,2026-07-09T08:58:28,2026-07-09T08:59:45,buy,0.01,0.01,XAUUSDm,4109.034,4108.661,,,,,-0.37,-0.8,,so
2941135767,2026-07-09T08:58:31,2026-07-09T08:59:45,buy,0.01,0.01,XAUUSDm,4109.077,4108.661,,,,,-0.42,-0.8,,so
2941135754,2026-07-09T08:58:31,2026-07-09T08:59:45,buy,0.01,0.01,XAUUSDm,4109.078,4108.661,,,,,-0.42,-0.8,,so
2941135749,2026-07-09T08:58:31,2026-07-09T08:59:45,buy,0.01,0.01,XAUUSDm,4109.078,4108.661,,,,,-0.42,-0.8,,so
2941135739,2026-07-09T08:58:31,2026-07-09T08:59:45,buy,0.01,0.01,XAUUSDm,4109.078,4108.661,,,,,-0.42,-0.8,,so
2941135730,2026-07-09T08:58:30,2026-07-09T08:59:45,buy,0.01,0.01,XAUUSDm,4109.078,4108.661,,,,,-0.42,-0.8,,so
2941135731,2026-07-09T08:58:30,2026-07-09T08:59:45,buy,0.01,0.01,XAUUSDm,4109.078,4108.661,,,,,-0.42,-0.8,,so
2941135223,2026-07-09T08:58:21,2026-07-09T08:59:45,buy,0.01,0.01,XAUUSDm,4109.125,4108.661,,,,,-0.47,-0.8,,so
2941135221,2026-07-09T08:58:21,2026-07-09T08:59:45,buy,0.01,0.01,XAUUSDm,4109.125,4108.661,,,,,-0.47,-0.8,,so
2941135220,2026-07-09T08:58:21,2026-07-09T08:59:45,buy,0.01,0.01,XAUUSDm,4109.125,4108.661,,,,,-0.47,-0.8,,so
2941135601,2026-07-09T08:58:27,2026-07-09T08:59:45,buy,0.01,0.01,XAUUSDm,4109.168,4108.661,,,,,-0.51,-0.8,,so
2941135600,2026-07-09T08:58:27,2026-07-09T08:59:45,buy,0.01,0.01,XAUUSDm,4109.168,4108.661,,,,,-0.51,-0.8,,so
2941135599,2026-07-09T08:58:27,2026-07-09T08:59:45,buy,0.01,0.01,XAUUSDm,4109.168,4108.661,,,,,-0.51,-0.8,,so
2941135598,2026-07-09T08:58:27,2026-07-09T08:59:45,buy,0.01,0.01,XAUUSDm,4109.168,4108.661,,,,,-0.51,-0.8,,so
2941135556,2026-07-09T08:58:27,2026-07-09T08:59:45,buy,0.01,0.01,XAUUSDm,4109.168,4108.661,,,,,-0.51,-0.8,,so
2941135283,2026-07-09T08:58:22,2026-07-09T08:59:45,buy,0.01,0.01,XAUUSDm,4109.178,4108.661,,,,,-0.52,-0.8,,so
2941135274,2026-07-09T08:58:22,2026-07-09T08:59:45,buy,0.01,0.01,XAUUSDm,4109.178,4108.661,,,,,-0.52,-0.8,,so
2941135266,2026-07-09T08:58:22,2026-07-09T08:59:45,buy,0.01,0.01,XAUUSDm,4109.178,4108.661,,,,,-0.52,-0.8,,so
2941135265,2026-07-09T08:58:22,2026-07-09T08:59:45,buy,0.01,0.01,XAUUSDm,4109.178,4108.72,,,,,-0.46,3.2800000000000002,,so
2941135238,2026-07-09T08:58:21,2026-07-09T08:59:45,buy,0.01,0.01,XAUUSDm,4109.178,4108.66,,,,,-0.52,-0.86,,so
2941135626,2026-07-09T08:58:28,2026-07-09T08:59:45,buy,0.01,0.01,XAUUSDm,4109.195,4108.66,,,,,-0.54,-0.86,,so
2941135403,2026-07-09T08:58:24,2026-07-09T08:59:45,buy,0.01,0.01,XAUUSDm,4109.2,4108.66,,,,,-0.54,-0.86,,so
2941135402,2026-07-09T08:58:24,2026-07-09T08:59:45,buy,0.01,0.01,XAUUSDm,4109.2,4108.544,,,,,-0.66,-9.5,,so
2941135401,2026-07-09T08:58:24,2026-07-09T08:59:45,buy,0.01,0.01,XAUUSDm,4109.2,4108.544,,,,,-0.66,-9.5,,so
2941135679,2026-07-09T08:58:30,2026-07-09T08:59:45,buy,0.01,0.01,XAUUSDm,4109.264,4108.544,,,,,-0.72,-9.5,,so
2941135667,2026-07-09T08:58:29,2026-07-09T08:59:45,buy,0.01,0.01,XAUUSDm,4109.264,4108.544,,,,,-0.72,-9.5,,so
2941135432,2026-07-09T08:58:25,2026-07-09T08:59:45,buy,0.01,0.01,XAUUSDm,4109.358,4108.544,,,,,-0.82,-9.5,,so
2941135416,2026-07-09T08:58:25,2026-07-09T08:59:45,buy,0.01,0.01,XAUUSDm,4109.358,4108.544,,,,,-0.82,-9.5,,so
2941135409,2026-07-09T08:58:25,2026-07-09T08:59:45,buy,0.01,0.01,XAUUSDm,4109.358,4108.544,,,,,-0.82,-9.5,,so
2941135701,2026-07-09T08:58:30,2026-07-09T08:59:45,buy,0.01,0.01,XAUUSDm,4109.382,4108.544,,,,,-0.84,-9.5,,so
2941135690,2026-07-09T08:58:30,2026-07-09T08:59:45,buy,0.01,0.01,XAUUSDm,4109.382,4108.544,,,,,-0.84,-9.5,,so
2941135617,2026-07-09T08:58:28,2026-07-09T08:59:45,buy,0.01,0.01,XAUUSDm,4109.385,4108.544,,,,,-0.85,-9.5,,so
2941135616,2026-07-09T08:58:28,2026-07-09T08:59:45,buy,0.01,0.01,XAUUSDm,4109.385,4108.494,,,,,-0.9,-13.6,,so
2941135836,2026-07-09T08:58:33,2026-07-09T08:59:45,buy,0.01,0.01,XAUUSDm,4109.593,4108.494,,,,,-1.1,-13.6,,so
2941135834,2026-07-09T08:58:33,2026-07-09T08:59:45,buy,0.01,0.01,XAUUSDm,4109.593,4108.494,,,,,-1.1,-1,,so
2941093355,2026-07-09T08:47:32,2026-07-09T08:57:31,buy,0.01,0.01,XAUUSDm,4108.395,4108.423,,,,,0.02,-13.72,,so
2941091881,2026-07-09T08:47:27,2026-07-09T08:57:31,buy,0.01,0.01,XAUUSDm,4108.526,4108.423,,,,,-0.11,-13.72,,so
2941092611,2026-07-09T08:47:29,2026-07-09T08:57:31,buy,0.01,0.01,XAUUSDm,4108.549,4108.423,,,,,-0.13,-13.72,,so
2941092595,2026-07-09T08:47:29,2026-07-09T08:57:31,buy,0.01,0.01,XAUUSDm,4108.549,4108.423,,,,,-0.13,-13.72,,so
2941093455,2026-07-09T08:47:33,2026-07-09T08:57:31,buy,0.01,0.01,XAUUSDm,4108.891,4108.423,,,,,-0.47,-13.72,,so
2941093454,2026-07-09T08:47:33,2026-07-09T08:57:31,buy,0.01,0.01,XAUUSDm,4108.891,4108.423,,,,,-0.47,-13.72,,so
2941093601,2026-07-09T08:47:34,2026-07-09T08:57:31,buy,0.01,0.01,XAUUSDm,4108.927,4108.423,,,,,-0.51,-13.72,,so
2941094084,2026-07-09T08:47:39,2026-07-09T08:57:31,buy,0.01,0.01,XAUUSDm,4109.054,4108.423,,,,,-0.63,-13.72,,so
2941094083,2026-07-09T08:47:39,2026-07-09T08:57:31,buy,0.01,0.01,XAUUSDm,4109.054,4108.423,,,,,-0.63,-13.72,,so
2941093905,2026-07-09T08:47:37,2026-07-09T08:57:31,buy,0.01,0.01,XAUUSDm,4109.141,4108.423,,,,,-0.72,-13.72,,so
2941093919,2026-07-09T08:47:37,2026-07-09T08:57:31,buy,0.01,0.01,XAUUSDm,4109.163,4108.423,,,,,-0.74,-13.72,,so
2941093918,2026-07-09T08:47:37,2026-07-09T08:57:31,buy,0.01,0.01,XAUUSDm,4109.163,4108.423,,,,,-0.74,-13.72,,so
2941094052,2026-07-09T08:47:38,2026-07-09T08:57:31,buy,0.01,0.01,XAUUSDm,4109.169,4108.423,,,,,-0.75,-13.72,,so
2941094051,2026-07-09T08:47:38,2026-07-09T08:57:31,buy,0.01,0.01,XAUUSDm,4109.169,4108.423,,,,,-0.75,-13.72,,so
2941094047,2026-07-09T08:47:38,2026-07-09T08:57:31,buy,0.01,0.01,XAUUSDm,4109.169,4108.423,,,,,-0.75,-13.72,,so
2941111447,2026-07-09T08:52:07,2026-07-09T08:57:31,buy,0.01,0.01,XAUUSDm,4109.353,4108.423,,,,,-0.93,-13.72,,so
2941111444,2026-07-09T08:52:07,2026-07-09T08:57:31,buy,0.01,0.01,XAUUSDm,4109.353,4108.423,,,,,-0.93,-13.72,,so
2941094676,2026-07-09T08:47:48,2026-07-09T08:57:31,buy,0.01,0.01,XAUUSDm,4109.38,4108.423,,,,,-0.96,-13.72,,so
2941094572,2026-07-09T08:47:46,2026-07-09T08:57:31,buy,0.01,0.01,XAUUSDm,4109.405,4108.423,,,,,-0.99,-13.72,,so
2941093685,2026-07-09T08:47:35,2026-07-09T08:57:31,buy,0.01,0.01,XAUUSDm,4109.415,4108.423,,,,,-1,-13.72,,so
2941094895,2026-07-09T08:47:50,2026-07-09T08:57:31,buy,0.01,0.01,XAUUSDm,4109.608,4108.423,,,,,-1.19,-13.72,,so
2941093768,2026-07-09T08:47:35,2026-07-09T08:57:31,buy,0.01,0.01,XAUUSDm,4109.619,4108.423,,,,,-1.2,-13.72,,so
2941095039,2026-07-09T08:47:53,2026-07-09T08:57:31,buy,0.01,0.01,XAUUSDm,4109.632,4108.423,,,,,-1.21,-13.72,,so
2941094977,2026-07-09T08:47:52,2026-07-09T08:57:31,buy,0.01,0.01,XAUUSDm,4109.632,4108.423,,,,,-1.21,-13.72,,so
2941095048,2026-07-09T08:47:54,2026-07-09T08:57:31,buy,0.01,0.01,XAUUSDm,4109.635,4108.423,,,,,-1.22,-13.72,,so
2941111427,2026-07-09T08:52:07,2026-07-09T08:57:31,buy,0.01,0.01,XAUUSDm,4109.699,4108.423,,,,,-1.28,-13.72,,so
2941111419,2026-07-09T08:52:07,2026-07-09T08:57:31,buy,0.01,0.01,XAUUSDm,4109.699,4108.423,,,,,-1.28,-13.72,,so
2941106345,2026-07-09T08:50:54,2026-07-09T08:57:31,buy,0.01,0.01,XAUUSDm,4109.745,4108.423,,,,,-1.33,-13.72,,so
2941106344,2026-07-09T08:50:54,2026-07-09T08:57:31,buy,0.01,0.01,XAUUSDm,4109.745,4108.423,,,,,-1.33,-13.72,,so
2941106541,2026-07-09T08:50:58,2026-07-09T08:57:31,buy,0.01,0.01,XAUUSDm,4109.79,4108.423,,,,,-1.37,-13.72,,so
2941106524,2026-07-09T08:50:58,2026-07-09T08:57:31,buy,0.01,0.01,XAUUSDm,4109.79,4108.423,,,,,-1.37,-13.72,,so
2941106516,2026-07-09T08:50:57,2026-07-09T08:57:31,buy,0.01,0.01,XAUUSDm,4109.79,4108.423,,,,,-1.37,-13.72,,so
2941111545,2026-07-09T08:52:09,2026-07-09T08:57:31,buy,0.01,0.01,XAUUSDm,4109.834,4108.423,,,,,-1.41,-13.72,,so
2941111544,2026-07-09T08:52:09,2026-07-09T08:57:31,buy,0.01,0.01,XAUUSDm,4109.834,4108.423,,,,,-1.41,-13.72,,so
2941111543,2026-07-09T08:52:09,2026-07-09T08:57:31,buy,0.01,0.01,XAUUSDm,4109.834,4108.423,,,,,-1.41,-13.72,,so
2941111540,2026-07-09T08:52:09,2026-07-09T08:57:31,buy,0.01,0.01,XAUUSDm,4109.834,4108.423,,,,,-1.41,-13.72,,so
2941096542,2026-07-09T08:48:17,2026-07-09T08:57:31,buy,0.01,0.01,XAUUSDm,4109.849,4108.423,,,,,-1.43,-13.72,,so
2941096520,2026-07-09T08:48:17,2026-07-09T08:57:31,buy,0.01,0.01,XAUUSDm,4109.849,4108.423,,,,,-1.43,-13.72,,so
2941095323,2026-07-09T08:47:59,2026-07-09T08:57:31,buy,0.01,0.01,XAUUSDm,4109.903,4108.423,,,,,-1.48,-13.72,,so
2941112605,2026-07-09T08:52:25,2026-07-09T08:57:31,buy,0.01,0.01,XAUUSDm,4109.912,4108.423,,,,,-1.49,-13.72,,so
2941096571,2026-07-09T08:48:18,2026-07-09T08:57:31,buy,0.01,0.01,XAUUSDm,4109.941,4108.423,,4112.911,,,-1.52,-13.72,,so
2941096258,2026-07-09T08:48:14,2026-07-09T08:57:31,buy,0.01,0.01,XAUUSDm,4109.961,4108.423,,,,,-1.54,-11.26,,so
2941095477,2026-07-09T08:48:01,2026-07-09T08:57:31,buy,0.01,0.01,XAUUSDm,4109.992,4108.484,,,,,-1.51,-11.2,,so
2941076380,2026-07-09T08:44:17,2026-07-09T08:45:12,buy,0.01,0.01,XAUUSDm,4113.829,4112.962,,,,,-0.87,-10.67,,so
2941076376,2026-07-09T08:44:17,2026-07-09T08:45:12,buy,0.01,0.01,XAUUSDm,4113.829,4112.962,,,,,-0.87,-10.67,,so
2941076375,2026-07-09T08:44:17,2026-07-09T08:45:12,buy,0.01,0.01,XAUUSDm,4113.829,4112.962,,,,,-0.87,-10.67,,so
2941076374,2026-07-09T08:44:17,2026-07-09T08:45:12,buy,0.01,0.01,XAUUSDm,4113.829,4112.962,,,,,-0.87,-10.67,,so
2941076575,2026-07-09T08:44:21,2026-07-09T08:45:12,buy,0.01,0.01,XAUUSDm,4113.994,4112.962,,,,,-1.03,-10.67,,so
2941076574,2026-07-09T08:44:21,2026-07-09T08:45:12,buy,0.01,0.01,XAUUSDm,4113.994,4112.962,,,,,-1.03,-10.67,,so
2941076573,2026-07-09T08:44:21,2026-07-09T08:45:12,buy,0.01,0.01,XAUUSDm,4113.994,4112.962,,,,,-1.03,-10.67,,so
2941076607,2026-07-09T08:44:22,2026-07-09T08:45:12,buy,0.01,0.01,XAUUSDm,4114.052,4112.962,,,,,-1.09,-10.67,,so
2941076599,2026-07-09T08:44:22,2026-07-09T08:45:12,buy,0.01,0.01,XAUUSDm,4114.052,4112.962,,,,,-1.09,-10.67,,so
2941076933,2026-07-09T08:44:27,2026-07-09T08:45:12,buy,0.01,0.01,XAUUSDm,4114.096,4112.962,,,,,-1.14,-10.67,,so
2941076716,2026-07-09T08:44:23,2026-07-09T08:45:12,buy,0.01,0.01,XAUUSDm,4114.103,4112.962,,,,,-1.14,-10.67,,so
2941076713,2026-07-09T08:44:23,2026-07-09T08:45:12,buy,0.01,0.01,XAUUSDm,4114.103,4112.962,,,,,-1.14,-10.67,,so
2941076844,2026-07-09T08:44:25,2026-07-09T08:45:12,buy,0.01,0.01,XAUUSDm,4114.124,4112.962,,,,,-1.16,-10.67,,so
2941076772,2026-07-09T08:44:24,2026-07-09T08:45:12,buy,0.01,0.01,XAUUSDm,4114.126,4112.962,,,,,-1.17,-10.67,,so
2941076771,2026-07-09T08:44:24,2026-07-09T08:45:12,buy,0.01,0.01,XAUUSDm,4114.126,4112.962,,,,,-1.17,-10.67,,so
2941076522,2026-07-09T08:44:20,2026-07-09T08:45:12,buy,0.01,0.01,XAUUSDm,4114.125,4112.962,,,,,-1.17,-10.67,,so
2941076512,2026-07-09T08:44:20,2026-07-09T08:45:12,buy,0.01,0.01,XAUUSDm,4114.125,4112.962,,,,,-1.17,-10.67,,so
2941076511,2026-07-09T08:44:20,2026-07-09T08:45:12,buy,0.01,0.01,XAUUSDm,4114.125,4112.962,,,,,-1.17,-10.67,,so
2941076510,2026-07-09T08:44:20,2026-07-09T08:45:12,buy,0.01,0.01,XAUUSDm,4114.125,4112.962,,,,,-1.17,-10.67,,so
2941076509,2026-07-09T08:44:20,2026-07-09T08:45:12,buy,0.01,0.01,XAUUSDm,4114.125,4112.962,,,,,-1.17,-10.67,,so
2941076487,2026-07-09T08:44:19,2026-07-09T08:45:12,buy,0.01,0.01,XAUUSDm,4114.125,4112.962,,,,,-1.17,-10.67,,so
2941076481,2026-07-09T08:44:19,2026-07-09T08:45:12,buy,0.01,0.01,XAUUSDm,4114.125,4112.962,,,,,-1.17,-10.67,,so
2941076480,2026-07-09T08:44:19,2026-07-09T08:45:12,buy,0.01,0.01,XAUUSDm,4114.125,4112.962,,,,,-1.17,-10.67,,so
2941076709,2026-07-09T08:44:23,2026-07-09T08:45:12,buy,0.01,0.01,XAUUSDm,4114.165,4112.962,,,,,-1.21,-10.67,,so
2941076708,2026-07-09T08:44:23,2026-07-09T08:45:12,buy,0.01,0.01,XAUUSDm,4114.165,4112.962,,,,,-1.21,-10.67,,so
2941076706,2026-07-09T08:44:23,2026-07-09T08:45:12,buy,0.01,0.01,XAUUSDm,4114.165,4112.962,,,,,-1.21,-10.67,,so
2941076800,2026-07-09T08:44:25,2026-07-09T08:45:12,buy,0.01,0.01,XAUUSDm,4114.292,4112.962,,,,,-1.33,-10.67,,so
2941076795,2026-07-09T08:44:25,2026-07-09T08:45:12,buy,0.01,0.01,XAUUSDm,4114.292,4112.962,,,,,-1.33,-10.67,,so
2941076467,2026-07-09T08:44:18,2026-07-09T08:45:12,buy,0.01,0.01,XAUUSDm,4114.333,4112.962,,,,,-1.37,-10.67,,so
2941076462,2026-07-09T08:44:18,2026-07-09T08:45:12,buy,0.01,0.01,XAUUSDm,4114.333,4112.962,,,,,-1.37,-10.67,,so
2941076461,2026-07-09T08:44:18,2026-07-09T08:45:12,buy,0.01,0.01,XAUUSDm,4114.333,4113.022,,,,,-1.31,-8.87,,so
2941076437,2026-07-09T08:44:18,2026-07-09T08:45:12,buy,0.01,0.01,XAUUSDm,4114.333,4113.022,,,,,-1.31,-8.87,,so
2941076421,2026-07-09T08:44:18,2026-07-09T08:45:12,buy,0.01,0.01,XAUUSDm,4114.333,4113.022,,,,,-1.31,-8.87,,so
2941076667,2026-07-09T08:44:22,2026-07-09T08:45:11,buy,0.01,0.01,XAUUSDm,4114.358,4113.022,,,,,-1.34,-8.87,,so
2941076631,2026-07-09T08:44:22,2026-07-09T08:45:11,buy,0.01,0.01,XAUUSDm,4114.358,4113.022,,,,,-1.34,-8.87,,so
2941066483,2026-07-09T08:41:30,2026-07-09T08:41:53,sell,0.01,0.01,XAUUSDm,4114.157,4114.838,,,,,-0.68,-1.1400000000000001,,so
2941066484,2026-07-09T08:41:30,2026-07-09T08:41:53,sell,0.01,0.01,XAUUSDm,4114.157,4114.838,,,,,-0.68,-1.1400000000000001,,so
2941066022,2026-07-09T08:41:29,2026-07-09T08:41:53,sell,0.01,0.01,XAUUSDm,4114.158,4114.838,,,,,-0.68,-1.1400000000000001,,so
2941066016,2026-07-09T08:41:29,2026-07-09T08:41:53,sell,0.01,0.01,XAUUSDm,4114.158,4114.838,,,,,-0.68,-1.1400000000000001,,so
2941065612,2026-07-09T08:41:20,2026-07-09T08:41:53,sell,0.01,0.01,XAUUSDm,4114.137,4114.838,,,,,-0.7,-1.1400000000000001,,so
2941065568,2026-07-09T08:41:19,2026-07-09T08:41:53,sell,0.01,0.01,XAUUSDm,4114.137,4114.838,,,,,-0.7,-1.1400000000000001,,so
2941065557,2026-07-09T08:41:19,2026-07-09T08:41:53,sell,0.01,0.01,XAUUSDm,4114.135,4114.838,,,,,-0.7,-1.1400000000000001,,so
2941066522,2026-07-09T08:41:31,2026-07-09T08:41:53,sell,0.01,0.01,XAUUSDm,4114.102,4114.838,,,,,-0.74,-1.1400000000000001,,so
2941065913,2026-07-09T08:41:28,2026-07-09T08:41:53,sell,0.01,0.01,XAUUSDm,4113.986,4114.838,,,,,-0.85,-1.1400000000000001,,so
2941065912,2026-07-09T08:41:28,2026-07-09T08:41:53,sell,0.01,0.01,XAUUSDm,4113.986,4114.838,,,,,-0.85,-1.1400000000000001,,so
2941065911,2026-07-09T08:41:28,2026-07-09T08:41:53,sell,0.01,0.01,XAUUSDm,4113.986,4114.838,,,,,-0.85,-1.1400000000000001,,so
2941065362,2026-07-09T08:41:13,2026-07-09T08:41:53,sell,0.01,0.01,XAUUSDm,4113.909,4114.838,,,,,-0.93,-1.1400000000000001,,so
2941065854,2026-07-09T08:41:27,2026-07-09T08:41:53,sell,0.01,0.01,XAUUSDm,4113.783,4114.838,,,,,-1.06,-1.1400000000000001,,so
2941065073,2026-07-09T08:41:10,2026-07-09T08:41:53,sell,0.01,0.01,XAUUSDm,4113.676,4114.838,,,,,-1.16,-1.1400000000000001,,so
2941065071,2026-07-09T08:41:10,2026-07-09T08:41:53,sell,0.01,0.01,XAUUSDm,4113.676,4114.838,,,,,-1.16,-1.1400000000000001,,so
2941064253,2026-07-09T08:40:59,2026-07-09T08:41:53,sell,0.01,0.01,XAUUSDm,4113.589,4114.838,,,,,-1.25,-1.1400000000000001,,so
2941064366,2026-07-09T08:41:01,2026-07-09T08:41:53,sell,0.01,0.01,XAUUSDm,4113.554,4114.838,,,,,-1.29,-1.1400000000000001,,so
2941064192,2026-07-09T08:40:58,2026-07-09T08:41:53,sell,0.01,0.01,XAUUSDm,4113.551,4114.838,,,,,-1.29,-1.1400000000000001,,so
2941064162,2026-07-09T08:40:58,2026-07-09T08:41:51,sell,0.01,0.01,XAUUSDm,4113.551,4114.535,,,,,-0.99,1.38,,so
2941065153,2026-07-09T08:41:12,2026-07-09T08:41:51,sell,0.01,0.01,XAUUSDm,4113.537,4114.821,,,,,-1.28,-1.06,,so
2941064540,2026-07-09T08:41:03,2026-07-09T08:41:51,sell,0.01,0.01,XAUUSDm,4113.53,4114.976,,,,,-1.45,-4.26,,so
2941065132,2026-07-09T08:41:11,2026-07-09T08:41:51,sell,0.01,0.01,XAUUSDm,4113.486,4114.976,,,,,-1.49,-4.26,,so
2941065093,2026-07-09T08:41:11,2026-07-09T08:41:51,sell,0.01,0.01,XAUUSDm,4113.489,4114.976,,,,,-1.49,-4.26,,so
2941064972,2026-07-09T08:41:07,2026-07-09T08:41:51,sell,0.01,0.01,XAUUSDm,4113.468,4114.976,,,,,-1.51,-4.26,,so
2941065007,2026-07-09T08:41:09,2026-07-09T08:41:51,sell,0.01,0.01,XAUUSDm,4113.448,4114.976,,,,,-1.53,-4.26,,so
2941064125,2026-07-09T08:40:57,2026-07-09T08:41:51,sell,0.01,0.01,XAUUSDm,4113.388,4114.976,,,,,-1.59,-7.01,,so
2941064890,2026-07-09T08:41:05,2026-07-09T08:41:51,sell,0.01,0.01,XAUUSDm,4113.262,4114.976,,,,,-1.72,-7.12,,so
2941064417,2026-07-09T08:41:02,2026-07-09T08:41:51,sell,0.01,0.01,XAUUSDm,4113.251,4115.091,,,,,-1.84,-5.88,,so
2941055696,2026-07-09T08:38:31,2026-07-09T08:39:20,sell,0.01,0.01,XAUUSDm,4114.586,4115.392,,,,,-0.8,-0.61,,so
2941055780,2026-07-09T08:38:32,2026-07-09T08:39:20,sell,0.01,0.01,XAUUSDm,4114.374,4115.392,,,,,-1.02,-0.61,,so
2941055483,2026-07-09T08:38:29,2026-07-09T08:39:20,sell,0.01,0.01,XAUUSDm,4114.163,4115.392,,,,,-1.23,-0.61,,so
2941054465,2026-07-09T08:38:16,2026-07-09T08:39:20,sell,0.01,0.01,XAUUSDm,4114.013,4115.392,,,,,-1.38,-0.61,,so
2941054458,2026-07-09T08:38:16,2026-07-09T08:39:20,sell,0.01,0.01,XAUUSDm,4114.013,4115.392,,,,,-1.38,-0.61,,so
2941054457,2026-07-09T08:38:16,2026-07-09T08:39:20,sell,0.01,0.01,XAUUSDm,4114.013,4115.392,,,,,-1.38,-0.61,,so
2941054419,2026-07-09T08:38:16,2026-07-09T08:39:20,sell,0.01,0.01,XAUUSDm,4113.959,4115.392,,,,,-1.43,-0.61,,so
2941054190,2026-07-09T08:38:13,2026-07-09T08:39:20,sell,0.01,0.01,XAUUSDm,4113.568,4115.392,,,,,-1.82,-0.61,,so
2941054131,2026-07-09T08:38:12,2026-07-09T08:39:20,sell,0.01,0.01,XAUUSDm,4113.486,4115.392,,,,,-1.9,-0.61,,so
2941054130,2026-07-09T08:38:12,2026-07-09T08:39:20,sell,0.01,0.01,XAUUSDm,4113.486,4115.392,,,,,-1.9,-0.61,,so
2941053841,2026-07-09T08:38:04,2026-07-09T08:39:20,sell,0.01,0.01,XAUUSDm,4113.373,4115.392,,,,,-2.02,-0.61,,so
2941053828,2026-07-09T08:38:04,2026-07-09T08:39:20,sell,0.01,0.01,XAUUSDm,4113.373,4115.392,,,,,-2.02,-0.61,,so
2941053781,2026-07-09T08:38:03,2026-07-09T08:39:20,sell,0.01,0.01,XAUUSDm,4113.324,4115.392,,,,,-2.07,-0.61,,so
2934046218,2026-07-07T23:22:53,2026-07-07T23:23:11,buy,0.01,0.01,XAUUSDm,4101.647,4101.3910000000005,,,,,-0.26,,,user
2932223664,2026-07-07T14:11:10,2026-07-07T14:11:19,sell,0.01,0.01,XAUUSDm,4154.239,4155.528,,,,,-1.29,-9.37,,so
2932223654,2026-07-07T14:11:10,2026-07-07T14:11:19,sell,0.01,0.01,XAUUSDm,4154.069,4155.528,,,,,-1.46,-9.37,,so
2932218529,2026-07-07T14:10:26,2026-07-07T14:11:19,sell,0.01,0.01,XAUUSDm,4153.875,4155.528,,,,,-1.65,-9.37,,so
2932218557,2026-07-07T14:10:26,2026-07-07T14:11:19,sell,0.01,0.01,XAUUSDm,4153.825,4155.528,,,,,-1.7,-9.37,,so
2932218749,2026-07-07T14:10:27,2026-07-07T14:11:19,sell,0.01,0.01,XAUUSDm,4153.816,4155.528,,,,,-1.71,-9.37,,so
2932218735,2026-07-07T14:10:27,2026-07-07T14:11:19,sell,0.01,0.01,XAUUSDm,4153.816,4155.528,,,,,-1.71,-9.37,,so
2932218562,2026-07-07T14:10:26,2026-07-07T14:11:19,sell,0.01,0.01,XAUUSDm,4153.709,4155.528,,,,,-1.82,-9.37,,so
2932218669,2026-07-07T14:10:27,2026-07-07T14:11:19,sell,0.01,0.01,XAUUSDm,4153.7,4155.528,,,,,-1.83,-9.37,,so
2932218614,2026-07-07T14:10:26,2026-07-07T14:11:19,sell,0.01,0.01,XAUUSDm,4153.649,4155.528,,,,,-1.88,-9.37,,so
2932218495,2026-07-07T14:10:26,2026-07-07T14:11:19,sell,0.01,0.01,XAUUSDm,4153.645,4155.528,,,,,-1.88,-9.37,,so
2932218486,2026-07-07T14:10:25,2026-07-07T14:11:19,sell,0.01,0.01,XAUUSDm,4153.594,4155.528,,4140.235,,,-1.94,-9.37,,so
2932223059,2026-07-07T14:11:05,2026-07-07T14:11:19,sell,0.01,0.01,XAUUSDm,4152.96,4155.528,,,,,-2.57,-9.37,,so
2932223044,2026-07-07T14:11:05,2026-07-07T14:11:19,sell,0.01,0.01,XAUUSDm,4152.96,4155.528,,,,,-2.57,-8.65,,so
2932223019,2026-07-07T14:11:04,2026-07-07T14:11:19,sell,0.01,0.01,XAUUSDm,4152.847,4155.465,,,,,-2.62,-8.59,,so
2932222828,2026-07-07T14:11:02,2026-07-07T14:11:19,sell,0.01,0.01,XAUUSDm,4152.794,4155.465,,,,,-2.68,-7.61,,so
2932222808,2026-07-07T14:11:02,2026-07-07T14:11:19,sell,0.01,0.01,XAUUSDm,4152.785,4155.465,,,,,-2.68,-7.54,,so
2932222856,2026-07-07T14:11:03,2026-07-07T14:11:19,sell,0.01,0.01,XAUUSDm,4152.515,4155.465,,,,,-2.95,-6.51,,so
2932222892,2026-07-07T14:11:03,2026-07-07T14:11:19,sell,0.01,0.01,XAUUSDm,4152.429,4155.401,,,,,-2.97,-6.38,,so
2930725874,2026-07-07T09:44:06,2026-07-07T10:18:01,sell,0.01,0.01,XAUUSDm,4133.489,4135.633,4135.633,,,,-2.14,,,sl
2930721244,2026-07-07T09:18:39,2026-07-07T10:18:01,sell,0.01,0.01,XAUUSDm,4129.295,4135.442,4135.442,,,,-6.14,,,sl
2930480802,2026-07-07T08:13:43,2026-07-07T08:15:40,sell,0.01,0.01,XAUUSDm,4138.596,4136.8769999999995,,,,,1.72,,,user
2930480656,2026-07-07T08:13:41,2026-07-07T08:15:40,sell,0.01,0.01,XAUUSDm,4138.325,4136.8769999999995,,,,,1.45,,,user
2930479089,2026-07-07T08:13:32,2026-07-07T08:15:40,sell,0.01,0.01,XAUUSDm,4136.544,4136.8769999999995,,,,,-0.34,,,user
2930480716,2026-07-07T08:13:42,2026-07-07T08:15:40,sell,0.01,0.01,XAUUSDm,4138.385,4136.8769999999995,,,,,1.51,,,user
2930480392,2026-07-07T08:13:39,2026-07-07T08:15:40,sell,0.01,0.01,XAUUSDm,4138.597,4136.8769999999995,,,,,1.72,,,user
2930479049,2026-07-07T08:13:31,2026-07-07T08:15:40,sell,0.01,0.01,XAUUSDm,4136.586,4136.8769999999995,,,,,-0.29,,,user
2930479042,2026-07-07T08:13:31,2026-07-07T08:15:40,sell,0.01,0.01,XAUUSDm,4136.586,4136.8769999999995,,,,,-0.29,,,user
2930478765,2026-07-07T08:13:27,2026-07-07T08:15:40,sell,0.01,0.01,XAUUSDm,4136.725,4136.8769999999995,,,,,-0.15,,,user
2930478766,2026-07-07T08:13:27,2026-07-07T08:15:40,sell,0.01,0.01,XAUUSDm,4136.725,4136.8769999999995,,,,,-0.15,,,user
2930478794,2026-07-07T08:13:27,2026-07-07T08:15:40,sell,0.01,0.01,XAUUSDm,4136.602,4136.8769999999995,,,,,-0.28,,,user
2930478720,2026-07-07T08:13:26,2026-07-07T08:15:40,sell,0.01,0.01,XAUUSDm,4136.814,4136.8769999999995,,,,,-0.07,,,user
2930478682,2026-07-07T08:13:25,2026-07-07T08:15:40,sell,0.01,0.01,XAUUSDm,4136.647,4136.8769999999995,,,,,-0.23,,,user
2930478616,2026-07-07T08:13:23,2026-07-07T08:15:40,sell,0.01,0.01,XAUUSDm,4136.623,4136.8769999999995,,,,,-0.26,,,user
2930478688,2026-07-07T08:13:25,2026-07-07T08:15:40,sell,0.01,0.01,XAUUSDm,4136.814,4136.8769999999995,,,,,-0.07,,,user
2930478974,2026-07-07T08:13:30,2026-07-07T08:14:26,sell,0.01,0.01,XAUUSDm,4136.399,4139.53,,,,,-3.13,3.92,,so
2930472582,2026-07-07T08:12:24,2026-07-07T08:13:08,buy,0.01,0.01,XAUUSDm,4136.784,4137.213,,,,,0.43,,,user
2930472558,2026-07-07T08:12:24,2026-07-07T08:13:08,buy,0.01,0.01,XAUUSDm,4136.896,4137.213,,,,,0.31,,,user
2930472560,2026-07-07T08:12:24,2026-07-07T08:13:08,buy,0.01,0.01,XAUUSDm,4136.896,4137.213,,,,,0.31,,,user
2930472581,2026-07-07T08:12:24,2026-07-07T08:13:08,buy,0.01,0.01,XAUUSDm,4136.784,4137.213,,,,,0.43,,,user
2930472527,2026-07-07T08:12:23,2026-07-07T08:13:08,buy,0.01,0.01,XAUUSDm,4136.896,4137.213,,4139.79,,,0.31,,,user
2926977756,2026-07-06T12:44:11,2026-07-07T01:20:37,buy,0.01,0.01,XAUUSDm,4133.374,4134.051,4134.051,,,,0.68,,,sl
2919616261,2026-07-06T09:30:38,2026-07-06T12:42:15,buy,0.01,0.01,XAUUSDm,4139.872,4132.256,4132.256,,,,-7.61,,,sl
2919697235,2026-07-03T06:54:00,2026-07-03T06:54:46,buy,0.01,0.01,XAUUSDm,4174.034,4173.121,,,,,-0.91,,,user
2919697930,2026-07-03T06:54:10,2026-07-03T06:54:46,buy,0.01,0.01,XAUUSDm,4174.175,4173.121,,,,,-1.06,,,user
2919697696,2026-07-03T06:54:07,2026-07-03T06:54:46,buy,0.01,0.01,XAUUSDm,4173.913,4173.121,,,,,-0.79,,,user
2919696704,2026-07-03T06:53:50,2026-07-03T06:54:46,buy,0.01,0.01,XAUUSDm,4174.45,4173.121,,,,,-1.33,,,user
2919696696,2026-07-03T06:53:50,2026-07-03T06:54:46,buy,0.01,0.01,XAUUSDm,4174.45,4173.121,,,,,-1.33,,,user
2919697567,2026-07-03T06:54:06,2026-07-03T06:54:46,buy,0.01,0.01,XAUUSDm,4174.123,4173.121,,,,,-1,,,user
2919696757,2026-07-03T06:53:51,2026-07-03T06:54:46,buy,0.01,0.01,XAUUSDm,4174.514,4173.121,,,,,-1.39,,,user
2919697158,2026-07-03T06:53:59,2026-07-03T06:54:46,buy,0.01,0.01,XAUUSDm,4174.084,4173.121,,,,,-0.96,,,user
2919696743,2026-07-03T06:53:51,2026-07-03T06:54:46,buy,0.01,0.01,XAUUSDm,4174.514,4173.121,,,,,-1.39,,,user
2919619054,2026-07-03T06:24:13,2026-07-03T06:33:17,sell,0.01,0.01,XAUUSDm,4164.262,4166.8009999999995,,,,,-2.54,,,user
2919619191,2026-07-03T06:24:17,2026-07-03T06:33:17,sell,0.01,0.01,XAUUSDm,4164.836,4166.8009999999995,,,,,-1.96,,,user
2919618704,2026-07-03T06:24:02,2026-07-03T06:33:17,sell,0.01,0.01,XAUUSDm,4163.882,4166.8009999999995,,,,,-2.92,,,user
2914204853,2026-07-02T00:43:42,2026-07-02T00:44:44,buy,0.01,0.01,XAUUSDm,4039.169,4039.137,,,,,-0.03,,,user
2914204842,2026-07-02T00:43:42,2026-07-02T00:44:44,buy,0.01,0.01,XAUUSDm,4039.341,4039.137,,,,,-0.2,,,user
2914204852,2026-07-02T00:43:42,2026-07-02T00:44:44,buy,0.01,0.01,XAUUSDm,4039.169,4039.137,,,,,-0.03,,,user
2914204843,2026-07-02T00:43:42,2026-07-02T00:44:44,buy,0.01,0.01,XAUUSDm,4039.341,4039.137,,,,,-0.2,,,user
2914204841,2026-07-02T00:43:42,2026-07-02T00:44:44,buy,0.01,0.01,XAUUSDm,4039.341,4039.137,,,,,-0.2,,,user
2914204844,2026-07-02T00:43:42,2026-07-02T00:44:44,buy,0.01,0.01,XAUUSDm,4039.341,4039.137,,,,,-0.2,,,user
2912299926,2026-07-01T14:17:20,2026-07-01T14:17:28,sell,0.01,0.01,XAUUSDm,4090.582,4090.9739999999997,,,,,-0.39,,,user
2912298420,2026-07-01T14:16:56,2026-07-01T14:17:17,sell,0.01,0.01,XAUUSDm,4092.067,4091.451,,,,,0.62,,,user
2912294061,2026-07-01T14:16:06,2026-07-01T14:16:52,sell,0.01,0.01,XAUUSDm,4091.885,4092.4359999999997,,,,,-0.55,,,user
2912282949,2026-07-01T14:14:37,2026-07-01T14:15:02,buy,0.01,0.01,XAUUSDm,4093.586,4090.632,4091.262,,,,-2.96,,,sl
2912279232,2026-07-01T14:14:03,2026-07-01T14:14:19,sell,0.01,0.01,XAUUSDm,4093.875,4093.5719999999997,,,,,0.31,,,user
2912279144,2026-07-01T14:14:02,2026-07-01T14:14:19,sell,0.01,0.01,XAUUSDm,4093.65,4093.5719999999997,,,,,0.08,,,user
2912278782,2026-07-01T14:13:59,2026-07-01T14:14:19,sell,0.01,0.01,XAUUSDm,4094.191,4093.5719999999997,,,,,0.62,,,user
2912279027,2026-07-01T14:14:01,2026-07-01T14:14:19,sell,0.01,0.01,XAUUSDm,4093.658,4093.5719999999997,,,,,0.09,,,user
2912279326,2026-07-01T14:14:05,2026-07-01T14:14:19,sell,0.01,0.01,XAUUSDm,4093.859,4093.5719999999997,,,,,0.29,,,user
2912262957,2026-07-01T14:12:03,2026-07-01T14:13:33,sell,0.01,0.01,XAUUSDm,4097.717,4097.356,4097.356,,,,0.36,,,sl
2912262674,2026-07-01T14:12:00,2026-07-01T14:12:57,sell,0.01,0.01,XAUUSDm,4097.822,4094.9,,,,,2.92,,,user
2912262535,2026-07-01T14:12:00,2026-07-01T14:12:54,sell,0.01,0.01,XAUUSDm,4097.02,4095.2169999999996,,,,,1.8,,,user
2912246275,2026-07-01T14:10:17,2026-07-01T14:10:53,buy,0.01,0.01,XAUUSDm,4096.147,4097.263,,,,,1.11,,,user
2912245969,2026-07-01T14:10:16,2026-07-01T14:10:53,buy,0.01,0.01,XAUUSDm,4096.377,4097.263,,,,,0.88,,,user
2912241790,2026-07-01T14:09:42,2026-07-01T14:10:11,sell,0.01,0.01,XAUUSDm,4093.588,4096.513,4096.513,,,,-2.92,,,sl
